"Name","Email","Date of Birth","City","Country","Zip","Phone Number"
"Aaron Thompson","aaron.thompson@gmail.com","1985-02-15","New York","USA","10021","(212) 555-1234"
"Barbara Lee","barbara.lee@yahoo.com","1990-03-22","Los Angeles","USA","90012","(213) 555-5678"
"Carol Martin","carol.martin@hotmail.com","1978-01-01","Chicago","USA","60606","(312) 555-9012"
"David Johnson","david.johnson@aol.com","1988-06-12","Houston","USA","77001","(713) 555-1111"
"Emily Davis","emily.davis@outlook.com","1995-09-17","Phoenix","USA","85001","(602) 555-2222"
"Frank Brown","frank.brown@protonmail.com","1972-04-23","Philadelphia","USA","19101","(215) 555-3333"
"George White","george.white@icloud.com","1982-11-15","San Antonio","USA","78201","(210) 555-4444"
"Helen Taylor","helen.taylor@gmx.com","1992-08-07","San Diego","USA","92101","(619) 555-5555"
"Ian Jackson","ian.jackson@zoho.com","1975-05-20","Dallas","USA","75201","(214) 555-6666"
"Julia Hall","julia.hall@tutanota.com","1980-10-12","San Jose","USA","95101","(408) 555-7777"
"Kevin Harris","kevin.harris@yandex.com","1997-03-20","Indianapolis","USA","46201","(317) 555-8888"
"Lisa Edwards","lisa.edwards@fastmail.com","1979-07-25","Jacksonville","USA","32201","(904) 555-9999"
"Mark Smith","mark.smith@hushmail.com","1984-01-01","Detroit","USA","48201","(313) 555-1010"
"Nancy Jenkins","nancy.jenkins@posteo.de","1991-06-11","Columbus","USA","43201","(614) 555-1212"
"Olivia Lee","olivia.lee@openmailbox.org","1986-09-05","Fort Worth","USA","76101","(817) 555-1313"
"Patricia Martin","patricia.martin@t-online.de","1981-02-28","Memphis","USA","38101","(901) 555-1414"
"Ralph Brooks","ralph.brooks@mailbox.org","1994-04-22","Boston","USA","02101","(617) 555-1515"
"Samantha Taylor","samantha.taylor@yandex.ru","1977-08-15","Baltimore","USA","21201","(410) 555-1616"
"Thomas Jackson","thomas.jackson@tut.by","1989-10-30","Milwaukee","USA","53201","(414) 555-1717"
"Vincent Davis","vincent.davis@hush.com","1993-05-20","Portland","USA","97201","(503) 555-1818"
"William Harris","william.harris@zoho.eu","1973-09-17","Oklahoma City","USA","73101","(405) 555-1919"
"Alexander Brown","alexander.brown@t-online.de","1987-03-15","Nashville","USA","37201","(615) 555-2020"
"Benjamin Lee","benjamin.lee@yandex.com","1990-11-20","Washington","USA","20001","(202) 555-2121"
"Charles Martin","charles.martin@posteo.de","1976-06-01","Denver","USA","80201","(303) 555-2222"
"Daniel Taylor","daniel.taylor@openmailbox.org","1983-08-20","Miami","USA","33101","(305) 555-2323"
"Elizabeth Jackson","elizabeth.jackson@tut.by","1985-01-01","Oakland","USA","94601","(510) 555-2424"
"Franklin Brooks","franklin.brooks@yandex.ru","1992-03-05","Minneapolis","USA","55401","(612) 555-2525"
"George Davis","george.davis@hush.com","1979-12-25","Tulsa","USA","74101","(918) 555-2626"
"Hannah Harris","hannah.harris@zoho.eu","1981-04-01","Kansas City","USA","64101","(816) 555-2727"
"Ian Jenkins","ian.jenkins@t-online.de","1988-07-17","St. Louis","USA","63101","(314) 555-2828"
"Julia Edwards","julia.edwards@posteo.de","1995-05-20","Raleigh","USA","27601","(919) 555-2929"
"Kevin White","kevin.white@openmailbox.org","1982-09-01","Virginia Beach","USA","23451","(757) 555-3030"
"Lisa Brooks","lisa.brooks@yandex.com","1986-02-15","Seattle","USA","98101","(206) 555-3131"
"Mark Taylor","mark.taylor@zoho.com","1978-10-01","Colorado Springs","USA","80901","(719) 555-3232"
"Nancy Davis","nancy.davis@hushmail.com","1991-08-01","Austin","USA","78701","(512) 555-3333"
"Olivia Harris","olivia.harris@tut.by","1984-06-01","Sacramento","USA","95801","(916) 555-3434"
"Patricia Jackson","patricia.jackson@yandex.ru","1989-03-01","Louisville","USA","40201","(502) 555-3535"
"Ralph Martin","ralph.martin@posteo.de","1987-11-01","Albuquerque","USA","87101","(505) 555-3636"
"Samantha Lee","samantha.lee@openmailbox.org","1994-01-01","Tucson","USA","85701","(520) 555-3737"
"Thomas Brooks","thomas.brooks@yandex.com","1993-07-01","Fresno","USA","93650","(559) 555-3838"
"Vincent Davis","vincent.davis@hush.com","1980-05-01","Long Beach","USA","90801","(562) 555-3939"
"William Harris","william.harris@zoho.eu","1974-12-01","New Orleans","USA","70101","(504) 555-4040"
